"Dates","OpenFrom","OpenTo"
2013-11-01,"09:00:00","19:00:00"
2013-11-02,"09:00:00","18:00:00"
2013-11-03,"00:00:00","00:00:00"
2013-11-04,"09:00:00","19:00:00"
2013-11-05,"09:00:00","19:00:00"
2013-11-06,"09:00:00","19:00:00"
2013-11-07,"09:00:00","19:00:00"
2013-11-08,"09:00:00","19:00:00"
2013-11-09,"09:00:00","18:00:00"
2013-11-10,"00:00:00","00:00:00"
2013-11-11,"09:00:00","19:00:00"
2013-11-12,"09:00:00","19:00:00"
2013-11-13,"09:00:00","19:00:00"
2013-11-14,"09:00:00","19:00:00"
2013-11-15,"09:00:00","19:00:00"
2013-11-16,"09:00:00","18:00:00"
2013-11-17,"00:00:00","00:00:00"
2013-11-18,"09:00:00","19:00:00"
2013-11-19,"09:00:00","19:00:00"
2013-11-20,"09:00:00","19:00:00"
2013-11-21,"09:00:00","19:00:00"
2013-11-22,"09:00:00","19:00:00"
2013-11-23,"09:00:00","18:00:00"
2013-11-24,"00:00:00","00:00:00"
2013-11-25,"09:00:00","19:00:00"
2013-11-26,"09:00:00","19:00:00"
2013-11-27,"09:00:00","19:00:00"
2013-11-28,"09:00:00","19:00:00"
2013-11-29,"09:00:00","19:00:00"
2013-11-30,"09:00:00","18:00:00"
2013-12-01,"00:00:00","00:00:00"
2013-12-02,"09:00:00","19:00:00"
2013-12-03,"09:00:00","19:00:00"
2013-12-04,"09:00:00","19:00:00"
2013-12-05,"09:00:00","19:00:00"
2013-12-06,"09:00:00","19:00:00"
2013-12-07,"09:00:00","18:00:00"
2013-12-08,"00:00:00","00:00:00"
2013-12-09,"09:00:00","19:00:00"
2013-12-10,"09:00:00","19:00:00"
2013-12-11,"09:00:00","19:00:00"
2013-12-12,"09:00:00","19:00:00"
2013-12-13,"09:00:00","19:00:00"
2013-12-14,"09:00:00","18:00:00"
2013-12-15,"00:00:00","00:00:00"
2013-12-16,"09:00:00","19:00:00"
2013-12-17,"09:00:00","19:00:00"
2013-12-18,"09:00:00","19:00:00"
2013-12-19,"09:00:00","19:00:00"
2013-12-20,"09:00:00","19:00:00"
2013-12-21,"09:00:00","18:00:00"
2013-12-22,"00:00:00","00:00:00"
2013-12-23,"09:00:00","19:00:00"
2013-12-24,"09:00:00","19:00:00"
2013-12-25,"09:00:00","19:00:00"
2013-12-26,"09:00:00","19:00:00"
2013-12-27,"09:00:00","19:00:00"
2013-12-28,"09:00:00","18:00:00"
2013-12-29,"00:00:00","00:00:00"
2013-12-30,"09:00:00","19:00:00"
2013-12-31,"09:00:00","19:00:00"
2014-01-01,"09:00:00","19:00:00"
2014-01-02,"09:00:00","19:00:00"
2014-01-03,"09:00:00","19:00:00"
2014-01-04,"09:00:00","18:00:00"
2014-01-05,"00:00:00","00:00:00"
2014-01-06,"09:00:00","19:00:00"
2014-01-07,"09:00:00","19:00:00"
2014-01-08,"09:00:00","19:00:00"
2014-01-09,"09:00:00","19:00:00"
2014-01-10,"09:00:00","19:00:00"
2014-01-11,"09:00:00","18:00:00"
2014-01-12,"00:00:00","00:00:00"
2014-01-13,"09:00:00","19:00:00"
2014-01-14,"09:00:00","19:00:00"
2014-01-15,"09:00:00","19:00:00"
2014-01-16,"09:00:00","19:00:00"
2014-01-17,"09:00:00","19:00:00"
2014-01-18,"09:00:00","18:00:00"
2014-01-19,"00:00:00","00:00:00"
2014-01-20,"09:00:00","19:00:00"
2014-01-21,"09:00:00","19:00:00"
2014-01-22,"09:00:00","19:00:00"
2014-01-23,"09:00:00","19:00:00"
2014-01-24,"09:00:00","19:00:00"
2014-01-25,"09:00:00","18:00:00"
2014-01-26,"00:00:00","00:00:00"
2014-01-27,"09:00:00","19:00:00"
2014-01-28,"09:00:00","19:00:00"
2014-01-29,"09:00:00","19:00:00"
2014-01-30,"09:00:00","19:00:00"
2014-01-31,"09:00:00","19:00:00"
2014-02-01,"09:00:00","18:00:00"
2014-02-02,"00:00:00","00:00:00"
2014-02-03,"09:00:00","19:00:00"
2014-02-04,"09:00:00","19:00:00"
2014-02-05,"09:00:00","19:00:00"
2014-02-06,"09:00:00","19:00:00"
2014-02-07,"09:00:00","19:00:00"
2014-02-08,"09:00:00","18:00:00"
2014-02-09,"00:00:00","00:00:00"
2014-02-10,"09:00:00","19:00:00"
2014-02-11,"09:00:00","19:00:00"
2014-02-12,"09:00:00","19:00:00"
2014-02-13,"09:00:00","19:00:00"
2014-02-14,"09:00:00","19:00:00"
2014-02-15,"09:00:00","18:00:00"
2014-02-16,"00:00:00","00:00:00"
2014-02-17,"09:00:00","19:00:00"
2014-02-18,"09:00:00","19:00:00"
2014-02-19,"09:00:00","19:00:00"
2014-02-20,"09:00:00","19:00:00"
2014-02-21,"09:00:00","19:00:00"
2014-02-22,"09:00:00","18:00:00"
2014-02-23,"00:00:00","00:00:00"
2014-02-24,"09:00:00","19:00:00"
2014-02-25,"09:00:00","19:00:00"
2014-02-26,"09:00:00","19:00:00"
2014-02-27,"09:00:00","19:00:00"
2014-02-28,"09:00:00","19:00:00"
2014-03-01,"09:00:00","18:00:00"
2014-03-02,"00:00:00","00:00:00"
2014-03-03,"09:00:00","19:00:00"
2014-03-04,"09:00:00","19:00:00"
2014-03-05,"09:00:00","19:00:00"
2014-03-06,"09:00:00","19:00:00"
2014-03-07,"09:00:00","19:00:00"
2014-03-08,"09:00:00","18:00:00"
2014-03-09,"00:00:00","00:00:00"
2014-03-10,"09:00:00","19:00:00"
2014-03-11,"09:00:00","19:00:00"
2014-03-12,"09:00:00","19:00:00"
2014-03-13,"09:00:00","19:00:00"
2014-03-14,"09:00:00","19:00:00"
2014-03-15,"09:00:00","18:00:00"
2014-03-16,"00:00:00","00:00:00"
2014-03-17,"09:00:00","19:00:00"
2014-03-18,"09:00:00","19:00:00"
2014-03-19,"09:00:00","19:00:00"
2014-03-20,"09:00:00","19:00:00"
2014-03-21,"09:00:00","19:00:00"
2014-03-22,"09:00:00","18:00:00"
2014-03-23,"00:00:00","00:00:00"
2014-03-24,"09:00:00","19:00:00"
2014-03-25,"09:00:00","19:00:00"
2014-03-26,"09:00:00","19:00:00"
2014-03-27,"09:00:00","19:00:00"
2014-03-28,"09:00:00","19:00:00"
2014-03-29,"09:00:00","18:00:00"
2014-03-30,"00:00:00","00:00:00"
2014-03-31,"09:00:00","19:00:00"
2014-04-01,"09:00:00","19:00:00"
2014-04-02,"09:00:00","19:00:00"
2014-04-03,"09:00:00","19:00:00"
2014-04-04,"09:00:00","19:00:00"
2014-04-05,"09:00:00","18:00:00"
2014-04-06,"00:00:00","00:00:00"
2014-04-07,"09:00:00","19:00:00"
2014-04-08,"09:00:00","19:00:00"
2014-04-09,"09:00:00","19:00:00"
2014-04-10,"09:00:00","19:00:00"
2014-04-11,"09:00:00","19:00:00"
2014-04-12,"09:00:00","18:00:00"
2014-04-13,"00:00:00","00:00:00"
2014-04-14,"09:00:00","19:00:00"
2014-04-15,"09:00:00","19:00:00"
2014-04-16,"09:00:00","19:00:00"
2014-04-17,"09:00:00","19:00:00"
2014-04-18,"09:00:00","19:00:00"
2014-04-19,"09:00:00","18:00:00"
2014-04-20,"00:00:00","00:00:00"
2014-04-21,"09:00:00","19:00:00"
2014-04-22,"09:00:00","19:00:00"
2014-04-23,"09:00:00","19:00:00"
2014-04-24,"09:00:00","19:00:00"
2014-04-25,"09:00:00","19:00:00"
2014-04-26,"09:00:00","18:00:00"
2014-04-27,"00:00:00","00:00:00"
2014-04-28,"09:00:00","19:00:00"
2014-04-29,"09:00:00","19:00:00"
2014-04-30,"09:00:00","19:00:00"
2014-05-01,"09:00:00","19:00:00"
2014-05-02,"09:00:00","19:00:00"
2014-05-03,"09:00:00","18:00:00"
2014-05-04,"00:00:00","00:00:00"
2014-05-05,"09:00:00","19:00:00"
2014-05-06,"09:00:00","19:00:00"
2014-05-07,"09:00:00","19:00:00"
2014-05-08,"09:00:00","19:00:00"
2014-05-09,"09:00:00","19:00:00"
2014-05-10,"09:00:00","18:00:00"
2014-05-11,"00:00:00","00:00:00"
2014-05-12,"09:00:00","19:00:00"
2014-05-13,"09:00:00","19:00:00"
2014-05-14,"09:00:00","19:00:00"
2014-05-15,"09:00:00","19:00:00"
2014-05-16,"09:00:00","19:00:00"
2014-05-17,"09:00:00","18:00:00"
2014-05-18,"00:00:00","00:00:00"
2014-05-19,"09:00:00","19:00:00"
2014-05-20,"09:00:00","19:00:00"
2014-05-21,"09:00:00","19:00:00"
2014-05-22,"09:00:00","19:00:00"
2014-05-23,"09:00:00","19:00:00"
2014-05-24,"09:00:00","18:00:00"
2014-05-25,"00:00:00","00:00:00"
2014-05-26,"09:00:00","19:00:00"
2014-05-27,"09:00:00","19:00:00"
2014-05-28,"09:00:00","19:00:00"
2014-05-29,"09:00:00","19:00:00"
2014-05-30,"09:00:00","19:00:00"
2014-05-31,"09:00:00","18:00:00"
2014-06-01,"00:00:00","00:00:00"
2014-06-02,"09:00:00","19:00:00"
2014-06-03,"09:00:00","19:00:00"
2014-06-04,"09:00:00","19:00:00"
2014-06-05,"09:00:00","19:00:00"
2014-06-06,"09:00:00","19:00:00"
2014-06-07,"09:00:00","18:00:00"
2014-06-08,"00:00:00","00:00:00"
2014-06-09,"09:00:00","19:00:00"
2014-06-10,"09:00:00","19:00:00"
2014-06-11,"09:00:00","19:00:00"
2014-06-12,"09:00:00","19:00:00"
2014-06-13,"09:00:00","19:00:00"
2014-06-14,"09:00:00","18:00:00"
2014-06-15,"00:00:00","00:00:00"
2014-06-16,"09:00:00","19:00:00"
2014-06-17,"09:00:00","19:00:00"
2014-06-18,"09:00:00","19:00:00"
2014-06-19,"09:00:00","19:00:00"
2014-06-20,"09:00:00","19:00:00"
2014-06-21,"09:00:00","18:00:00"
2014-06-22,"00:00:00","00:00:00"
2014-06-23,"09:00:00","19:00:00"
2014-06-24,"09:00:00","19:00:00"
2014-06-25,"09:00:00","19:00:00"
2014-06-26,"09:00:00","19:00:00"
2014-06-27,"09:00:00","19:00:00"
2014-06-28,"09:00:00","18:00:00"
2014-06-29,"00:00:00","00:00:00"
2014-06-30,"09:00:00","19:00:00"
2014-07-01,"09:00:00","19:00:00"
2014-07-02,"09:00:00","19:00:00"
2014-07-03,"09:00:00","19:00:00"
2014-07-04,"09:00:00","19:00:00"
2014-07-05,"09:00:00","18:00:00"
2014-07-06,"00:00:00","00:00:00"
2014-07-07,"09:00:00","19:00:00"
2014-07-08,"09:00:00","19:00:00"
2014-07-09,"09:00:00","19:00:00"
2014-07-10,"09:00:00","19:00:00"
2014-07-11,"09:00:00","19:00:00"
2014-07-12,"09:00:00","18:00:00"
2014-07-13,"00:00:00","00:00:00"
2014-07-14,"09:00:00","19:00:00"
2014-07-15,"09:00:00","19:00:00"
2014-07-16,"09:00:00","19:00:00"
2014-07-17,"09:00:00","19:00:00"
2014-07-18,"09:00:00","19:00:00"
2014-07-19,"09:00:00","18:00:00"
2014-07-20,"00:00:00","00:00:00"
2014-07-21,"09:00:00","19:00:00"
2014-07-22,"09:00:00","19:00:00"
2014-07-23,"09:00:00","19:00:00"
2014-07-24,"09:00:00","19:00:00"
2014-07-25,"09:00:00","19:00:00"
2014-07-26,"09:00:00","18:00:00"
2014-07-27,"00:00:00","00:00:00"
2014-07-28,"09:00:00","19:00:00"
2014-07-29,"09:00:00","19:00:00"
2014-07-30,"09:00:00","19:00:00"
2014-07-31,"09:00:00","19:00:00"
2014-08-01,"09:00:00","19:00:00"
2014-08-02,"09:00:00","18:00:00"
2014-08-03,"00:00:00","00:00:00"
2014-08-04,"09:00:00","19:00:00"
2014-08-05,"09:00:00","19:00:00"
2014-08-06,"09:00:00","19:00:00"
2014-08-07,"09:00:00","19:00:00"
2014-08-08,"09:00:00","19:00:00"
2014-08-09,"09:00:00","18:00:00"
2014-08-10,"00:00:00","00:00:00"
2014-08-11,"09:00:00","19:00:00"
2014-08-12,"09:00:00","19:00:00"
2014-08-13,"09:00:00","19:00:00"
2014-08-14,"09:00:00","19:00:00"
2014-08-15,"09:00:00","19:00:00"
2014-08-16,"09:00:00","18:00:00"
2014-08-17,"00:00:00","00:00:00"
2014-08-18,"09:00:00","19:00:00"
2014-08-19,"09:00:00","19:00:00"
2014-08-20,"09:00:00","19:00:00"
2014-08-21,"09:00:00","19:00:00"
2014-08-22,"09:00:00","19:00:00"
2014-08-23,"09:00:00","18:00:00"
2014-08-24,"00:00:00","00:00:00"
2014-08-25,"09:00:00","19:00:00"
2014-08-26,"09:00:00","19:00:00"
2014-08-27,"09:00:00","19:00:00"
2014-08-28,"09:00:00","19:00:00"
2014-08-29,"09:00:00","19:00:00"
2014-08-30,"09:00:00","18:00:00"
2014-08-31,"00:00:00","00:00:00"
2014-09-01,"09:00:00","19:00:00"
2014-09-02,"09:00:00","19:00:00"
2014-09-03,"09:00:00","19:00:00"
2014-09-04,"09:00:00","19:00:00"
2014-09-05,"09:00:00","19:00:00"
2014-09-06,"09:00:00","18:00:00"
2014-09-07,"00:00:00","00:00:00"
2014-09-08,"09:00:00","19:00:00"
2014-09-09,"09:00:00","19:00:00"
2014-09-10,"09:00:00","19:00:00"
2014-09-11,"09:00:00","19:00:00"
2014-09-12,"09:00:00","19:00:00"
2014-09-13,"09:00:00","18:00:00"
2014-09-14,"00:00:00","00:00:00"
2014-09-15,"09:00:00","19:00:00"
2014-09-16,"09:00:00","19:00:00"
2014-09-17,"09:00:00","19:00:00"
2014-09-18,"09:00:00","19:00:00"
2014-09-19,"09:00:00","19:00:00"
2014-09-20,"09:00:00","18:00:00"
2014-09-21,"00:00:00","00:00:00"
2014-09-22,"09:00:00","19:00:00"
2014-09-23,"09:00:00","19:00:00"
2014-09-24,"09:00:00","19:00:00"
2014-09-25,"09:00:00","19:00:00"
2014-09-26,"09:00:00","19:00:00"
2014-09-27,"09:00:00","18:00:00"
2014-09-28,"00:00:00","00:00:00"
2014-09-29,"09:00:00","19:00:00"
2014-09-30,"09:00:00","19:00:00"
2014-10-01,"09:00:00","19:00:00"
2014-10-02,"09:00:00","19:00:00"
2014-10-03,"09:00:00","19:00:00"
2014-10-04,"09:00:00","18:00:00"
2014-10-05,"00:00:00","00:00:00"
2014-10-06,"09:00:00","19:00:00"
2014-10-07,"09:00:00","19:00:00"
2014-10-08,"09:00:00","19:00:00"
2014-10-09,"09:00:00","19:00:00"
2014-10-10,"09:00:00","19:00:00"
2014-10-11,"09:00:00","18:00:00"
2014-10-12,"00:00:00","00:00:00"
2014-10-13,"09:00:00","19:00:00"
2014-10-14,"09:00:00","19:00:00"
2014-10-15,"09:00:00","19:00:00"
2014-10-16,"09:00:00","19:00:00"
2014-10-17,"09:00:00","19:00:00"
2014-10-18,"09:00:00","18:00:00"
2014-10-19,"00:00:00","00:00:00"
2014-10-20,"09:00:00","19:00:00"
2014-10-21,"09:00:00","19:00:00"
2014-10-22,"09:00:00","19:00:00"
2014-10-23,"09:00:00","19:00:00"
2014-10-24,"09:00:00","19:00:00"
2014-10-25,"09:00:00","18:00:00"
2014-10-26,"00:00:00","00:00:00"
2014-10-27,"09:00:00","19:00:00"
2014-10-28,"09:00:00","19:00:00"
2014-10-29,"09:00:00","19:00:00"
2014-10-30,"09:00:00","19:00:00"
2014-10-31,"09:00:00","19:00:00"
2014-11-01,"09:00:00","18:00:00"
2014-11-02,"00:00:00","00:00:00"
2014-11-03,"09:00:00","19:00:00"
2014-11-04,"09:00:00","19:00:00"
2014-11-05,"09:00:00","19:00:00"
2014-11-06,"09:00:00","19:00:00"
2014-11-07,"09:00:00","19:00:00"
2014-11-08,"09:00:00","18:00:00"
2014-11-09,"00:00:00","00:00:00"
2014-11-10,"09:00:00","19:00:00"
2014-11-11,"09:00:00","19:00:00"
2014-11-12,"09:00:00","19:00:00"
2014-11-13,"09:00:00","19:00:00"
2014-11-14,"09:00:00","19:00:00"
2014-11-15,"09:00:00","18:00:00"
2014-11-16,"00:00:00","00:00:00"
2014-11-17,"09:00:00","19:00:00"
2014-11-18,"09:00:00","19:00:00"
2014-11-19,"09:00:00","19:00:00"
2014-11-20,"09:00:00","19:00:00"
2014-11-21,"09:00:00","19:00:00"
2014-11-22,"09:00:00","18:00:00"
2014-11-23,"00:00:00","00:00:00"
2014-11-24,"09:00:00","19:00:00"
2014-11-25,"09:00:00","19:00:00"
2014-11-26,"09:00:00","19:00:00"
2014-11-27,"09:00:00","19:00:00"
2014-11-28,"09:00:00","19:00:00"
2014-11-29,"09:00:00","18:00:00"
2014-11-30,"00:00:00","00:00:00"
2014-12-01,"09:00:00","19:00:00"
2014-12-02,"09:00:00","19:00:00"
2014-12-03,"09:00:00","19:00:00"
2014-12-04,"09:00:00","19:00:00"
2014-12-05,"09:00:00","19:00:00"
2014-12-06,"09:00:00","18:00:00"
2014-12-07,"00:00:00","00:00:00"
2014-12-08,"09:00:00","19:00:00"
2014-12-09,"09:00:00","19:00:00"
2014-12-10,"09:00:00","19:00:00"
2014-12-11,"09:00:00","19:00:00"
2014-12-12,"09:00:00","19:00:00"
2014-12-13,"09:00:00","18:00:00"
2014-12-14,"00:00:00","00:00:00"
2014-12-15,"09:00:00","19:00:00"
2014-12-16,"09:00:00","19:00:00"
2014-12-17,"09:00:00","19:00:00"
2014-12-18,"09:00:00","19:00:00"
2014-12-19,"09:00:00","19:00:00"
2014-12-20,"09:00:00","18:00:00"
2014-12-21,"00:00:00","00:00:00"
2014-12-22,"09:00:00","19:00:00"
2014-12-23,"09:00:00","19:00:00"
2014-12-24,"09:00:00","19:00:00"
2014-12-25,"09:00:00","19:00:00"
2014-12-26,"09:00:00","19:00:00"
2014-12-27,"09:00:00","18:00:00"
2014-12-28,"00:00:00","00:00:00"
2014-12-29,"09:00:00","19:00:00"
2014-12-30,"09:00:00","19:00:00"
2014-12-31,"09:00:00","19:00:00"
2015-01-01,"09:00:00","19:00:00"
2015-01-02,"09:00:00","19:00:00"
2015-01-03,"09:00:00","18:00:00"
2015-01-04,"00:00:00","00:00:00"
2015-01-05,"09:00:00","19:00:00"
2015-01-06,"09:00:00","19:00:00"
2015-01-07,"09:00:00","19:00:00"
2015-01-08,"09:00:00","19:00:00"
2015-01-09,"09:00:00","19:00:00"
2015-01-10,"09:00:00","18:00:00"
2015-01-11,"00:00:00","00:00:00"
2015-01-12,"09:00:00","19:00:00"
2015-01-13,"09:00:00","19:00:00"
2015-01-14,"09:00:00","19:00:00"
2015-01-15,"09:00:00","19:00:00"
2015-01-16,"09:00:00","19:00:00"
2015-01-17,"09:00:00","18:00:00"
2015-01-18,"00:00:00","00:00:00"
2015-01-19,"09:00:00","19:00:00"
2015-01-20,"09:00:00","19:00:00"
2015-01-21,"09:00:00","19:00:00"
2015-01-22,"09:00:00","19:00:00"
2015-01-23,"09:00:00","19:00:00"
2015-01-24,"09:00:00","18:00:00"
2015-01-25,"00:00:00","00:00:00"
2015-01-26,"09:00:00","19:00:00"
2015-01-27,"09:00:00","19:00:00"
2015-01-28,"09:00:00","19:00:00"
2015-01-29,"09:00:00","19:00:00"
2015-01-30,"09:00:00","19:00:00"
2015-01-31,"09:00:00","18:00:00"
2015-02-01,"00:00:00","00:00:00"
2015-02-02,"09:00:00","19:00:00"
2015-02-03,"09:00:00","19:00:00"
2015-02-04,"09:00:00","19:00:00"
2015-02-05,"09:00:00","19:00:00"
2015-02-06,"09:00:00","19:00:00"
2015-02-07,"09:00:00","18:00:00"
2015-02-08,"00:00:00","00:00:00"
2015-02-09,"09:00:00","19:00:00"
2015-02-10,"09:00:00","19:00:00"
2015-02-11,"09:00:00","19:00:00"
2015-02-12,"09:00:00","19:00:00"
2015-02-13,"09:00:00","19:00:00"
2015-02-14,"09:00:00","18:00:00"
2015-02-15,"00:00:00","00:00:00"
2015-02-16,"09:00:00","19:00:00"
2015-02-17,"09:00:00","19:00:00"
2015-02-18,"09:00:00","19:00:00"
2015-02-19,"09:00:00","19:00:00"
2015-02-20,"09:00:00","19:00:00"
2015-02-21,"09:00:00","18:00:00"
2015-02-22,"00:00:00","00:00:00"
2015-02-23,"09:00:00","19:00:00"
2015-02-24,"09:00:00","19:00:00"
2015-02-25,"09:00:00","19:00:00"
2015-02-26,"09:00:00","19:00:00"
2015-02-27,"09:00:00","19:00:00"
2015-02-28,"09:00:00","18:00:00"
2015-03-01,"00:00:00","00:00:00"
2015-03-02,"09:00:00","19:00:00"
2015-03-03,"09:00:00","19:00:00"
2015-03-04,"09:00:00","19:00:00"
2015-03-05,"09:00:00","19:00:00"
2015-03-06,"09:00:00","19:00:00"
2015-03-07,"09:00:00","18:00:00"
2015-03-08,"00:00:00","00:00:00"
2015-03-09,"09:00:00","19:00:00"
2015-03-10,"09:00:00","19:00:00"
2015-03-11,"09:00:00","19:00:00"
2015-03-12,"09:00:00","19:00:00"
2015-03-13,"09:00:00","19:00:00"
2015-03-14,"09:00:00","18:00:00"
2015-03-15,"00:00:00","00:00:00"
2015-03-16,"09:00:00","19:00:00"
2015-03-17,"09:00:00","19:00:00"
2015-03-18,"09:00:00","19:00:00"
2015-03-19,"09:00:00","19:00:00"
2015-03-20,"09:00:00","19:00:00"
2015-03-21,"09:00:00","18:00:00"
2015-03-22,"00:00:00","00:00:00"
2015-03-23,"09:00:00","19:00:00"
2015-03-24,"09:00:00","19:00:00"
2015-03-25,"09:00:00","19:00:00"
2015-03-26,"09:00:00","19:00:00"
2015-03-27,"09:00:00","19:00:00"
2015-03-28,"09:00:00","18:00:00"
2015-03-29,"00:00:00","00:00:00"
2015-03-30,"09:00:00","19:00:00"
2015-03-31,"09:00:00","19:00:00"
2015-04-01,"09:00:00","19:00:00"
2015-04-02,"09:00:00","19:00:00"
2015-04-03,"09:00:00","19:00:00"
2015-04-04,"09:00:00","18:00:00"
2015-04-05,"00:00:00","00:00:00"
2015-04-06,"09:00:00","19:00:00"
2015-04-07,"09:00:00","19:00:00"
2015-04-08,"09:00:00","19:00:00"
2015-04-09,"09:00:00","19:00:00"
2015-04-10,"09:00:00","19:00:00"
2015-04-11,"09:00:00","18:00:00"
2015-04-12,"00:00:00","00:00:00"
2015-04-13,"09:00:00","19:00:00"
2015-04-14,"09:00:00","19:00:00"
2015-04-15,"09:00:00","19:00:00"
2015-04-16,"09:00:00","19:00:00"
2015-04-17,"09:00:00","19:00:00"
2015-04-18,"09:00:00","18:00:00"
2015-04-19,"00:00:00","00:00:00"
2015-04-20,"09:00:00","19:00:00"
2015-04-21,"09:00:00","19:00:00"
2015-04-22,"09:00:00","19:00:00"
2015-04-23,"09:00:00","19:00:00"
2015-04-24,"09:00:00","19:00:00"
2015-04-25,"09:00:00","18:00:00"
2015-04-26,"00:00:00","00:00:00"
2015-04-27,"09:00:00","19:00:00"
2015-04-28,"09:00:00","19:00:00"
2015-04-29,"09:00:00","19:00:00"
2015-04-30,"09:00:00","19:00:00"
2015-05-01,"09:00:00","19:00:00"
2015-05-02,"09:00:00","18:00:00"
2015-05-03,"00:00:00","00:00:00"
2015-05-04,"09:00:00","19:00:00"
2015-05-05,"09:00:00","19:00:00"
2015-05-06,"09:00:00","19:00:00"
2015-05-07,"09:00:00","19:00:00"
2015-05-08,"09:00:00","19:00:00"
2015-05-09,"09:00:00","18:00:00"
2015-05-10,"00:00:00","00:00:00"
2015-05-11,"09:00:00","19:00:00"
2015-05-12,"09:00:00","19:00:00"
2015-05-13,"09:00:00","19:00:00"
2015-05-14,"09:00:00","19:00:00"
2015-05-15,"09:00:00","19:00:00"
2015-05-16,"09:00:00","18:00:00"
2015-05-17,"00:00:00","00:00:00"
2015-05-18,"09:00:00","19:00:00"
2015-05-19,"09:00:00","19:00:00"
2015-05-20,"09:00:00","19:00:00"
2015-05-21,"09:00:00","19:00:00"
2015-05-22,"09:00:00","19:00:00"
2015-05-23,"09:00:00","18:00:00"
2015-05-24,"00:00:00","00:00:00"
2015-05-25,"09:00:00","19:00:00"
2015-05-26,"09:00:00","19:00:00"
2015-05-27,"09:00:00","19:00:00"
2015-05-28,"09:00:00","19:00:00"
2015-05-29,"09:00:00","19:00:00"
2015-05-30,"09:00:00","18:00:00"
2015-05-31,"00:00:00","00:00:00"
2015-06-01,"09:00:00","19:00:00"
2015-06-02,"09:00:00","19:00:00"
2015-06-03,"09:00:00","19:00:00"
2015-06-04,"09:00:00","19:00:00"
2015-06-05,"09:00:00","19:00:00"
2015-06-06,"09:00:00","18:00:00"
2015-06-07,"00:00:00","00:00:00"
2015-06-08,"09:00:00","19:00:00"
2015-06-09,"09:00:00","19:00:00"
2015-06-10,"09:00:00","19:00:00"
2015-06-11,"09:00:00","19:00:00"
2015-06-12,"09:00:00","19:00:00"
2015-06-13,"09:00:00","18:00:00"
2015-06-14,"00:00:00","00:00:00"
2015-06-15,"09:00:00","19:00:00"
2015-06-16,"09:00:00","19:00:00"
2015-06-17,"09:00:00","19:00:00"
2015-06-18,"09:00:00","19:00:00"
2015-06-19,"09:00:00","19:00:00"
2015-06-20,"09:00:00","18:00:00"
2015-06-21,"00:00:00","00:00:00"
2015-06-22,"09:00:00","19:00:00"
2015-06-23,"09:00:00","19:00:00"
2015-06-24,"09:00:00","19:00:00"
2015-06-25,"09:00:00","19:00:00"
2015-06-26,"09:00:00","19:00:00"
2015-06-27,"09:00:00","18:00:00"
2015-06-28,"00:00:00","00:00:00"
2015-06-29,"09:00:00","19:00:00"
2015-06-30,"09:00:00","19:00:00"
2015-07-01,"09:00:00","19:00:00"
2015-07-02,"09:00:00","19:00:00"
2015-07-03,"09:00:00","19:00:00"
2015-07-04,"09:00:00","18:00:00"
2015-07-05,"00:00:00","00:00:00"
2015-07-06,"09:00:00","19:00:00"
2015-07-07,"09:00:00","19:00:00"
2015-07-08,"09:00:00","19:00:00"
2015-07-09,"09:00:00","19:00:00"
2015-07-10,"09:00:00","19:00:00"
2015-07-11,"09:00:00","18:00:00"
2015-07-12,"00:00:00","00:00:00"
2015-07-13,"09:00:00","19:00:00"
2015-07-14,"09:00:00","19:00:00"
2015-07-15,"09:00:00","19:00:00"
2015-07-16,"09:00:00","19:00:00"
2015-07-17,"09:00:00","19:00:00"
2015-07-18,"09:00:00","18:00:00"
2015-07-19,"00:00:00","00:00:00"
2015-07-20,"09:00:00","19:00:00"
2015-07-21,"09:00:00","19:00:00"
2015-07-22,"09:00:00","19:00:00"
2015-07-23,"09:00:00","19:00:00"
2015-07-24,"09:00:00","19:00:00"
2015-07-25,"09:00:00","18:00:00"
2015-07-26,"00:00:00","00:00:00"
2015-07-27,"09:00:00","19:00:00"
2015-07-28,"09:00:00","19:00:00"
2015-07-29,"09:00:00","19:00:00"
2015-07-30,"09:00:00","19:00:00"
2015-07-31,"09:00:00","19:00:00"
2015-08-01,"09:00:00","18:00:00"
2015-08-02,"00:00:00","00:00:00"
2015-08-03,"09:00:00","19:00:00"
2015-08-04,"09:00:00","19:00:00"
2015-08-05,"09:00:00","19:00:00"
2015-08-06,"09:00:00","19:00:00"
2015-08-07,"09:00:00","19:00:00"
2015-08-08,"09:00:00","18:00:00"
2015-08-09,"00:00:00","00:00:00"
2015-08-10,"09:00:00","19:00:00"
2015-08-11,"09:00:00","19:00:00"
2015-08-12,"09:00:00","19:00:00"
2015-08-13,"09:00:00","19:00:00"
2015-08-14,"09:00:00","19:00:00"
2015-08-15,"09:00:00","18:00:00"
2015-08-16,"00:00:00","00:00:00"
2015-08-17,"09:00:00","19:00:00"
2015-08-18,"09:00:00","19:00:00"
2015-08-19,"09:00:00","19:00:00"
2015-08-20,"09:00:00","19:00:00"
2015-08-21,"09:00:00","19:00:00"
2015-08-22,"09:00:00","18:00:00"
2015-08-23,"00:00:00","00:00:00"
2015-08-24,"09:00:00","19:00:00"
2015-08-25,"09:00:00","19:00:00"
2015-08-26,"09:00:00","19:00:00"
2015-08-27,"09:00:00","19:00:00"
2015-08-28,"09:00:00","19:00:00"
2015-08-29,"09:00:00","18:00:00"
2015-08-30,"00:00:00","00:00:00"
2015-08-31,"09:00:00","19:00:00"
2015-09-01,"09:00:00","19:00:00"
2015-09-02,"09:00:00","19:00:00"
2015-09-03,"09:00:00","19:00:00"
2015-09-04,"09:00:00","19:00:00"
2015-09-05,"09:00:00","18:00:00"
2015-09-06,"00:00:00","00:00:00"
2015-09-07,"09:00:00","19:00:00"
2015-09-08,"09:00:00","19:00:00"
2015-09-09,"09:00:00","19:00:00"
2015-09-10,"09:00:00","19:00:00"
2015-09-11,"09:00:00","19:00:00"
2015-09-12,"09:00:00","18:00:00"
2015-09-13,"00:00:00","00:00:00"
2015-09-14,"09:00:00","19:00:00"
2015-09-15,"09:00:00","19:00:00"
2015-09-16,"09:00:00","19:00:00"
2015-09-17,"09:00:00","19:00:00"
2015-09-18,"09:00:00","19:00:00"
2015-09-19,"09:00:00","18:00:00"
2015-09-20,"00:00:00","00:00:00"
2015-09-21,"09:00:00","19:00:00"
2015-09-22,"09:00:00","19:00:00"
2015-09-23,"09:00:00","19:00:00"
2015-09-24,"09:00:00","19:00:00"
2015-09-25,"09:00:00","19:00:00"
2015-09-26,"09:00:00","18:00:00"
2015-09-27,"00:00:00","00:00:00"
2015-09-28,"09:00:00","19:00:00"
2015-09-29,"09:00:00","19:00:00"
2015-09-30,"09:00:00","19:00:00"
2015-10-01,"09:00:00","19:00:00"
2015-10-02,"09:00:00","19:00:00"
2015-10-03,"09:00:00","18:00:00"
2015-10-04,"00:00:00","00:00:00"
2015-10-05,"09:00:00","19:00:00"
2015-10-06,"09:00:00","19:00:00"
2015-10-07,"09:00:00","19:00:00"
2015-10-08,"09:00:00","19:00:00"
2015-10-09,"09:00:00","19:00:00"
2015-10-10,"09:00:00","18:00:00"
2015-10-11,"00:00:00","00:00:00"
2015-10-12,"09:00:00","19:00:00"
2015-10-13,"09:00:00","19:00:00"
2015-10-14,"09:00:00","19:00:00"
2015-10-15,"09:00:00","19:00:00"
2015-10-16,"09:00:00","19:00:00"
2015-10-17,"09:00:00","18:00:00"
2015-10-18,"00:00:00","00:00:00"
2015-10-19,"09:00:00","19:00:00"
2015-10-20,"09:00:00","19:00:00"
2015-10-21,"09:00:00","19:00:00"
2015-10-22,"09:00:00","19:00:00"
2015-10-23,"09:00:00","19:00:00"
2015-10-24,"09:00:00","18:00:00"
2015-10-25,"00:00:00","00:00:00"
2015-10-26,"09:00:00","19:00:00"
2015-10-27,"09:00:00","19:00:00"
2015-10-28,"09:00:00","19:00:00"
2015-10-29,"09:00:00","19:00:00"
2015-10-30,"09:00:00","19:00:00"
2015-10-31,"09:00:00","18:00:00"
2015-11-01,"00:00:00","00:00:00"
2015-11-02,"09:00:00","19:00:00"
2015-11-03,"09:00:00","19:00:00"
2015-11-04,"09:00:00","19:00:00"
2015-11-05,"09:00:00","19:00:00"
2015-11-06,"09:00:00","19:00:00"
2015-11-07,"09:00:00","18:00:00"
2015-11-08,"00:00:00","00:00:00"
2015-11-09,"09:00:00","19:00:00"
2015-11-10,"09:00:00","19:00:00"
2015-11-11,"09:00:00","19:00:00"
2015-11-12,"09:00:00","19:00:00"
2015-11-13,"09:00:00","19:00:00"
2015-11-14,"09:00:00","18:00:00"
2015-11-15,"00:00:00","00:00:00"
2015-11-16,"09:00:00","19:00:00"
2015-11-17,"09:00:00","19:00:00"
2015-11-18,"09:00:00","19:00:00"
2015-11-19,"09:00:00","19:00:00"
2015-11-20,"09:00:00","19:00:00"
2015-11-21,"09:00:00","18:00:00"
2015-11-22,"00:00:00","00:00:00"
2015-11-23,"09:00:00","19:00:00"
2015-11-24,"09:00:00","19:00:00"
2015-11-25,"09:00:00","19:00:00"
2015-11-26,"09:00:00","19:00:00"
2015-11-27,"09:00:00","19:00:00"
2015-11-28,"09:00:00","18:00:00"
2015-11-29,"00:00:00","00:00:00"
2015-11-30,"09:00:00","19:00:00"
